X,Y,OBJECTID,WINE_RT_NA,INFR_1,icon_url
18.7423690045684,-34.0213800075221,"1",BP1,,./0.png
18.7473499614188,-34.0169179648394,"2",BP2,,./0.png
18.7636870082191,-33.9946780217627,"3",BP3,,./0.png
18.7651359975061,-33.9916359710015,"4",BP4,,./0.png
18.7697419469474,-33.9838000111072,"5",BP5,,./0.png
18.7702579773973,-33.9833070267582,"6",BP6,,./0.png
18.7706319568667,-33.9829570289245,"7",BP7,,./0.png
18.7795670032075,-33.9753280092993,"8",BP8,,./0.png
18.7939020426004,-33.9661519824665,"9",BP9,,./0.png
18.7956880136818,-33.9653719777945,"10",BP10,,./0.png
18.7982500382241,-33.9616660288251,"11",BP11,,./0.png
18.7994149717586,-33.961293976215,"12",BP12,,./0.png
18.7997159831275,-33.959670982076,"13",BP13,,./0.png
18.7993859871649,-33.9587079657558,"14",BP14,,./0.png
18.7949959955501,-33.9534099813404,"15",BP15,,./0.png
18.769024029704,-33.9564139730257,"16",BP16,,./0.png
18.7682419669504,-33.9568840058097,"17",BP17,,./0.png
18.7669599902959,-33.9575399762447,"18",BP18,,./0.png
18.7632459994599,-33.9588210014869,"19",BP19,,./0.png
18.7612559773057,-33.9594679753185,"20",BP20,,./0.png
18.7504940289404,-33.9638619825137,"21",BP21,,./0.png
18.7461270153045,-33.9634900050198,"22",BP22,,./0.png
18.7362209945826,-33.9630010079438,"23",BP23,,./0.png
18.7341949747652,-33.9630889664044,"24",BP24,,./0.png
18.7341080474174,-33.9630690350662,"25",BP25,,./0.png
18.7152660424095,-33.9522709664175,"26",BP26,,./0.png
18.7143670501096,-33.9520120367439,"27",BP27,,./0.png
18.7132910351942,-33.9517660310847,"28",BP28,,./0.png
18.7131859509178,-33.9516490375663,"29",BP29,,./0.png
18.7118670408492,-33.9513819884346,"30",BP30,,./0.png
18.6992879903282,-33.9498760027414,"31",BP31,,./0.png
18.711837996062,-33.9512370439635,"32",BP32,,./0.png
18.7123889621705,-33.9513649979391,"33",BP33,,./0.png
18.7128570090298,-33.9514769792775,"34",BP34,,./0.png
18.7130209684142,-33.9515219875636,"35",BP35,,./0.png
18.7131739949019,-33.9515690436425,"36",BP36,,./0.png
18.7231930237247,-33.9571649923959,"37",BP37,,./0.png
18.7308040362329,-33.9624289769985,"38",BP38,,./0.png
18.7325770068891,-33.9626769770789,"39",BP39,,./0.png
18.7340049711291,-33.9627799611454,"40",BP40,,./0.png
18.742702976263,-33.962971004312,"41",BP41,,./0.png
18.7427340255984,-33.9629719707752,"42",BP42,,./0.png
18.7437089584165,-33.9630500038638,"43",BP43,,./0.png
18.7440200179974,-33.9630510118786,"44",BP44,,./0.png
18.7504150064717,-33.9636159740701,"45",BP45,,./0.png
18.7594650102007,-33.9599569966794,"46",BP46,,./0.png
18.7611539692147,-33.9593459801376,"47",BP47,,./0.png
18.7633749810859,-33.9586970180059,"48",BP48,,./0.png
18.7657030151598,-33.957909022439,"49",BP49,,./0.png
18.7671860448857,-33.9572840075591,"50",BP50,,./0.png
18.7696589785021,-33.9558529656047,"51",BP51,,./0.png
18.7773519673717,-33.9536320340717,"52",BP52,,./0.png
18.7959769689937,-33.9531529603672,"53",BP53,,./0.png
18.799137986857,-33.9576149907218,"54",BP54,,./0.png
18.8003459522937,-33.9605639842993,"55",BP55,,./0.png
18.8005329461513,-33.9609190415486,"56",BP56,,./0.png
18.8023460130816,-33.9598110046072,"57",BP57,,./0.png
18.8037179477289,-33.9587470444682,"58",BP58,,./0.png
18.8043290226543,-33.958125957929,"59",BP59,,./0.png
18.8068159937047,-33.9513689974383,"60",BP60,,./0.png
18.8047220277006,-33.9519430374913,"61",BP61,,./0.png
18.8009749817895,-33.9529450442102,"62",BP62,,./0.png
18.8000239473786,-33.9531750173832,"63",BP63,,./0.png
18.7989489646787,-33.9531140354484,"64",BP64,,./0.png
18.804510999743,-33.9515020315502,"65",BP65,,./0.png
18.8045600332014,-33.9514900289068,"66",BP66,,./0.png
18.8059320394089,-33.9563280389354,"67",BP67,,./0.png
18.8047779625166,-33.9578150098717,"68",BP68,,./0.png
18.8046050249898,-33.9580740171102,"69",BP69,,./0.png
18.8045209631462,-33.9581680039381,"70",BP70,,./0.png
18.8020140447522,-33.9603870027686,"71",BP71,,./0.png
18.8018220494951,-33.9605069585589,"72",BP72,,./0.png
18.7972029924882,-33.9635569899905,"73",BP73,,./0.png
18.7960299926696,-33.9652969963873,"74",BP74,,./0.png
18.7836130350641,-33.9719070218824,"75",BP75,,./0.png
18.782543030964,-33.9728630144858,"76",BP76,,./0.png
18.7731080304811,-33.980929027146,"77",BP77,,./0.png
18.7727769754453,-33.9812599994496,"78",BP78,,./0.png
18.7667340228197,-33.9888310159726,"79",BP79,,./0.png
18.7663530351569,-33.9895910041021,"80",BP80,,./0.png
18.765970986965,-33.99030104418,"81",BP81,,./0.png
18.7502139867343,-34.0135139737099,"82",BP82,,./0.png
18.7486870288488,-34.0154459885751,"83",BP83,,./0.png
18.7303880454223,-34.0302659779258,"84",BP84,,./0.png
18.7284140153815,-34.0320209559166,"85",BP85,,./0.png
18.8043290226543,-33.958125957929,"86",BP59a,,./0.png
18.7903368919853,-33.9898554468427,"87",ST1,,
18.7906181777501,-33.9899010024022,"88",ST2,,
18.8016773005238,-33.9907487336564,"89",ST3,,
18.8112977245727,-33.9913408443723,"90",ST4,,
18.8250972100205,-33.9966532195325,"91",ST5,,
18.8294129407989,-33.9981468040659,"92",ST6,,
18.8369309268427,-34.0006181757357,"93",ST7,,
18.8391602966118,-34.0008555084639,"94",ST8,,
18.839452554344,-34.0008558902246,"95",ST9,,
18.8395930675913,-34.0009642570391,"96",ST10,,
18.8446824270053,-33.999925013205,"97",ST11,,
18.8436534963453,-34.0002662912126,"98",ST12,,
18.8396683470384,-34.0012257988581,"99",ST13,,
18.8378109136115,-34.0046221301032,"100",ST14,,
18.8414935238812,-34.0092878350832,"101",ST15,,
18.8423576090568,-34.0103437339837,"102",ST16,,
18.8439771400135,-34.0126987878733,"103",ST17,,
18.844149925681,-34.0129334042721,"104",ST18,,
18.8512083208598,-34.0191987479704,"105",ST19,,
18.8513845488812,-34.0174770436548,"106",ST20,,
18.8362164866269,-34.0006352572418,"107",ST21,,
18.8271635735311,-33.9971429660916,"108",ST22,,
18.8071978742574,-33.9903968961463,"109",ST23,,
18.804589136066,-33.9905640713526,"110",ST24,,
18.8694914535404,-33.9858989587215,"111",ST25,,
18.8716634922521,-33.9880829516051,"112",ST26,,
18.8680129488199,-33.9901976899144,"113",ST27,,
18.8680129488199,-33.9901976899144,"114",ST28,,
18.8682172919375,-33.991036333523,"115",ST29,,
18.8681737907333,-33.9911715166324,"116",ST30,,
18.87075424335,-33.9953212988689,"117",ST31,,
18.8778866834954,-33.9955810136034,"118",ST32,,
18.8872718756067,-34.003000553544,"119",ST33,,
18.8877798517807,-34.00359602789,"120",ST34,,
18.8885148967754,-34.0043900426895,"121",ST35,,
18.8962587781718,-34.0099051634225,"122",ST36,,
18.8979888040913,-34.011628531025,"123",ST37,,
18.8667357057818,-33.9902774510582,"124",ST38,,
18.8656642114794,-33.9902853011619,"125",ST39,,
18.8647546769778,-33.9905367335363,"126",ST40,,
18.8625360073847,-33.9904982135628,"127",ST41,,
18.8484207778132,-33.99159051716,"128",ST42,,
18.8468840306969,-33.9915074764204,"129",ST43,,
18.8471658368582,-33.9912824439482,"130",ST44,,
18.8449034058248,-33.9914959802985,"131",ST45,,
18.8354117796866,-33.9913303889212,"132",ST46,,
18.833971967946,-33.9914997453154,"133",ST47,,
18.8326298064792,-33.991543003423,"134",ST48,,
18.8668425919449,-33.9703176207351,"135",ST49,,
18.8664637335399,-33.9704073636445,"136",ST50,,
18.8600989997592,-33.9651804056167,"137",ST51,,
18.8903134994019,-33.9356586275789,"138",ST52,,
18.8906810862982,-33.935785170042,"139",ST53,,
18.8907783280419,-33.9358663949997,"140",ST54,,
18.8911135597989,-33.93592078421,"141",ST55,,
18.9012083988538,-33.9423843216045,"142",ST56,,
18.908443024639,-33.9542992366601,"143",ST57,,
18.9097622617023,-33.9548862101763,"144",ST58,,
18.8899334849551,-33.936785213451,"145",ST59,,
18.8903983996402,-33.9369298745135,"146",ST60,,
18.8800227605333,-34.1082103722527,"147",ST61,,
18.8811919321101,-34.1091671140983,"148",ST62,,
18.8818633462567,-34.1095644280525,"149",ST63,,
18.8821232256152,-34.1097359654497,"150",ST64,,
18.883606963928,-34.110539728189,"151",ST65,,
18.8839206966346,-34.1109637368267,"152",ST66,,
18.8954696709127,-34.1148325884804,"153",ST67,,
18.8991646707098,-34.1157281761674,"154",ST68,,
18.90185209646,-34.1162892915899,"155",ST69,,
18.9071201609577,-34.1160409645938,"156",ST70,,
18.9074128443836,-34.116014140143,"157",ST71,,
18.9120718204894,-34.1177665004349,"158",ST72,,
18.9253454505569,-34.1228598210331,"159",ST73,,
18.8489200379981,-33.8702599555311,"160",SH40,,
18.8579450093697,-33.8747190208182,"161",SH41,,
18.8587519901844,-33.8752300445502,"162",SH42,,
18.8650229726939,-33.8772919718457,"163",SH43,,
18.8721919609518,-33.8700629721936,"164",SH44,,
18.8586950255085,-33.8752979560099,"165",SH45,,
18.8245520377125,-33.8722820338928,"166",SH46,,
18.8245520377125,-33.8722820338928,"167",SH46a,,
18.8244849996671,-33.8721899805195,"168",SH47,,
18.8516169734434,-33.9345789614068,"169",SH48,,
18.8522879623657,-33.9343489739267,"170",SH49,,
18.8529140370933,-33.9328119667984,"171",SH50,,
18.8417319583624,-33.9423289936624,"172",SH51,,
18.8385739873508,-33.9431079697472,"173",SH52,,
18.8359589745741,-33.943720985159,"174",SH53,,
18.8351419890521,-33.9439840445636,"175",SH54,,
18.8373439702215,-33.9431690078196,"176",SH55,,
18.8524699502784,-33.9336850277777,"177",SH56,,
18.8375439691659,-33.9407250209712,"178",SH57,,
18.8374790388265,-33.9404560062786,"179",SH58,,
18.8375900068016,-33.9392089640663,"180",SH59,,
18.8327620246347,-33.9333460124663,"181",SH60,,
18.8324490464235,-33.9319490117991,"182",SH61,,
18.8462620029163,-33.9407619994514,"183",SH62,,
18.8472089619923,-33.9404870367866,"184",SH63,,
18.7425950046726,-34.022765042303,"185",SH64,,
18.743890018345,-34.0244660376539,"186",SH65,,
18.7451940082,-34.0263689791289,"187",SH66,,
18.7718759901513,-34.0464520442137,"188",SH67,,
18.7731260516109,-34.0464759939347,"189",SH68,,
18.7875809687069,-34.0512950299764,"190",SH69,,
18.7905570323581,-34.0519190309171,"191",SH70,,
18.7904830503993,-34.0520540429405,"192",SH71,,
18.7907169466526,-34.05225097296,"193",SH72,,
18.7910619995607,-34.0525679938711,"194",SH73,,
18.7915970161809,-34.0530679841818,"195",SH74,,
18.792658993426,-34.0536030297795,"196",SH75,,
18.7961810287583,-34.0451899677498,"197",SH76,,
18.8034040120602,-34.0293630387505,"198",SH77,,
18.8078659589712,-34.0282820404813,"199",SH78,,
18.8087760089704,-34.0279099570823,"200",SH79,,
18.8107419599017,-34.0272520000626,"201",SH80,,
18.8107550325713,-34.0272650022213,"202",SH81,,
18.8196689878903,-34.0252569957824,"203",SH82,,
18.819748024311,-34.0250029715984,"204",SH83,,
18.8182619737644,-34.0253000008455,"205",SH84,,
18.8144839778507,-34.0260290129846,"206",SH85,,
18.813883012473,-34.0262929730684,"207",SH86,,
18.8128560063739,-34.0266909706617,"208",SH87,,
18.8102240483959,-34.0276019854316,"209",SH88,,
18.8090249941158,-34.0280309681667,"210",SH89,,
18.8077269587879,-34.0284609563455,"211",SH90,,
18.804479953654,-34.0291900386567,"212",SH91,,
18.7970840293607,-34.0430550330157,"213",SH92,,
18.7967429530871,-34.04398303802,"214",SH93,,
18.746632014933,-34.0283749561527,"215",SH94,,
18.7447050178456,-34.0267720279538,"216",SH95,,
18.740138982506,-34.0242549651591,"217",SH96,,
18.8245669548288,-34.0426990272128,"218",SH97,,
18.8243909461879,-34.0418709971289,"219",SH98,,
18.8240020371855,-34.0388389772015,"220",SH99,,
18.8234739937393,-34.0346099812057,"221",SH100,,
18.8225139804213,-34.0316189628289,"222",SH101,,
18.8206309650134,-34.028726030991,"223",SH102,,
18.8200149654471,-34.0266230438486,"224",SH103,,
18.8205829878213,-34.0164330188814,"225",SH104,,
18.8222859663064,-34.0095260024499,"226",SH105,,
18.822846971743,-34.0074789899579,"227",SH106,,
18.8228689940286,-34.0073519963746,"228",SH107,,
18.8230479880596,-34.0061780128418,"229",SH108,,
18.8255390166197,-33.9981999709136,"230",SH109,,
18.8262090307451,-33.996070964037,"231",SH110,,
18.8265500050738,-33.994940024635,"232",SH111,,
18.8276759902331,-33.9887729717122,"233",SH112,,
18.8283840002852,-33.9878680122814,"234",SH113,,
18.8322560003164,-33.9854699585102,"235",SH114,,
18.8336849999152,-33.9848559715597,"236",SH115,,
18.8348249833292,-33.9842630369044,"237",SH116,,
18.8358240055136,-33.9834659768587,"238",SH117,,
18.8366299609234,-33.9829989740814,"239",SH118,,
18.8432789748624,-33.9711390254605,"240",SH119,,
18.8479440076589,-33.9646070375283,"241",SH120,,
18.8525860263946,-33.9599640062108,"242",SH121,,
18.8551109887648,-33.9560849887191,"243",SH122,,
18.8554029495433,-33.9521410178737,"244",SH123,,
18.8534399882558,-33.9471530136616,"245",SH124,,
18.8531450000723,-33.945385016502,"246",SH125,,
18.8560260308205,-33.9536470446086,"247",SH126,,
18.8559130205542,-33.9546489707376,"248",SH127,,
18.8541980519051,-33.9581459951648,"249",SH128,,
18.851485961356,-33.9621870432393,"250",SH129,,
18.8489970455297,-33.9643919654644,"251",SH130,,
18.8458439765643,-33.9665359642206,"252",SH131,,
18.8445460368807,-33.9692539914127,"253",SH132,,
18.8445460368807,-33.9692539914127,"254",SH132a,,
18.8381109561366,-33.9820920063844,"255",SH133,,
18.8357160442832,-33.9841180012847,"256",SH134,,
18.8339369492149,-33.9852429789879,"257",SH135,,
18.8273490023776,-33.9902860039689,"258",SH136,,
18.8271379681224,-33.9914009918181,"259",SH137,,
18.8270499873437,-33.9922500202001,"260",SH138,,
18.826976042065,-33.9948239664806,"261",SH139,,
18.8269609524284,-33.9948460327569,"262",SH140,,
18.8261770253569,-33.9954170389218,"263",SH141,,
18.8261490312868,-33.9978420254672,"264",SH142,,
18.8245649821526,-34.0028229818393,"265",SH143,,
18.8238580116551,-34.0053989924094,"266",SH144,,
18.8235990015101,-34.0062740056866,"267",SH145,,
18.8223510536321,-34.0107610098012,"268",SH146,,
18.82198102283,-34.012010984154,"269",SH147,,
18.82198102283,-34.012010984154,"270",SH147a,,
18.8214609897239,-34.0138030084968,"271",SH148,,
18.8212799554693,-34.0142790226315,"272",SH149,,
18.8203839722617,-34.0236419667071,"273",SH150,,
18.8203199634014,-34.0260659863266,"274",SH151,,
18.820366994632,-34.0268180176532,"275",SH152,,
18.8210920220407,-34.0289820145909,"276",SH153,,
18.822573046146,-34.0311780220324,"277",SH154,,
18.8235380167931,-34.0334470162073,"278",SH155,,
18.8239740452676,-34.0356140047569,"279",SH156,,
18.8243670451607,-34.038808035985,"280",SH157,,
18.824576023838,-34.0405560284887,"281",SH158,,
18.79429104384,-34.0555660391925,"282",SH159,,
18.7854459672793,-34.0529869936724,"283","160",,
18.8772330123097,-34.0775350372743,"284",SH161,,
18.8822719542757,-34.0757450430836,"285",SH162,,
18.8825100015464,-34.0758830229958,"286",SH163,,
18.8830249570178,-34.0755540089097,"287",SH164,,
18.8869669913022,-34.0741550235551,"288",SH165,,
18.8879930367027,-34.0737549669659,"289",SH166,,
18.8889539963474,-34.0734950294297,"290",SH167,,
18.8887720087642,-34.0725699955032,"291",SH168,,
18.8885509926764,-34.0718349662683,"292",SH169,,
18.8826879814306,-34.0758199965477,"293",SH170,,
18.8846769534181,-34.079917029825,"294",SH171,,
18.8864600388542,-34.0798709999914,"295",SH172,,
18.8769529523931,-34.0777579733074,"296",SH173,,
18.8729109560539,-34.0784739929028,"297",SH174,,
18.8689479669882,-34.0785670142496,"298",SH175,,
18.6814980133255,-33.9293600197741,"299",SH1,,
18.6829380517944,-33.9317869752446,"300",SH2,,
18.7927120097088,-33.9489980051587,"301",SH3,,
18.7818180401952,-33.9442529644118,"302",SH4,,
18.7747269825494,-33.9424680425783,"303",SH5,,
18.7713180035351,-33.9422289811516,"304",SH6,,
18.7701300523988,-33.9421210186166,"305",SH7,,
18.7465220398445,-33.9419629779197,"306",SH8,,
18.7713470384345,-33.9421310379954,"307",SH9,,
18.7747629632389,-33.9424010340722,"308",SH10,,
18.7817839470404,-33.9442180145459,"309",SH11,,
18.7847190012063,-33.9449820054292,"310",SH12,,
18.7927199585243,-33.9489320259628,"311",SH13,,
18.8108459532669,-33.9500010432256,"312",SH14,,
18.8126109563137,-33.9495309766062,"313",SH15,,
18.8301940384844,-33.9451059549685,"314",SH16,,
18.8284119464838,-33.9407620372063,"315",SH17,,
18.8187840184613,-33.91830603003,"316",SH18,,
18.8187150264262,-33.9170289848595,"317",SH19,,
18.8188700465978,-33.9159790068804,"318",SH20,,
18.8188449461016,-33.9159339830499,"319",SH21,,
18.8185699621725,-33.9142980007691,"320",SH22,,
18.8194079489297,-33.9105810008669,"321",SH23,,
18.819664968932,-33.9094019792253,"322",SH24,,
18.817251023246,-33.9055449558167,"323",SH25,,
18.8163059802219,-33.9047600187544,"324",SH26,,
18.8146289511999,-33.9034859695117,"325",SH27,,
18.812998012256,-33.9024680056876,"326",SH28,,
18.8194130441511,-33.9087289689655,"327",SH29,,
18.8188570269205,-33.9133930044909,"328",SH30,,
18.8141320083627,-33.9110179738011,"329",SH31,,
18.8135700228212,-33.9109340021836,"330",SH32,,
18.8135099461752,-33.9109139871613,"331",SH33,,
18.8112060531169,-33.9104090395606,"332",SH34,,
18.8188980080522,-33.9152850410484,"333",SH35,,
18.8273289996985,-33.940747991908,"334",SH36,,
18.815089998098,-33.949273008878,"335",SH37,,
18.8124479626757,-33.9499109965629,"336",SH38,,
18.6955820187156,-33.9514199663924,"337",SH39,,
18.6814980133255,-33.9293600197741,"338",SH1a,,
18.7817839470404,-33.9442180145459,"339",SH11a,,
18.8716240074298,-33.8009789633267,"340",S1,brown sign,
18.8758760077631,-33.8113440292912,"341",S2,,
18.8760340452764,-33.8116250236707,"342",S3,,
18.8799000041083,-33.8274470260145,"343",S4,,
18.8797050005089,-33.829620035897,"344",S5,,
18.8789939658293,-33.8316879588958,"345",S6,,
18.8774459762855,-33.8337490077699,"346",S7,,
18.8761469968534,-33.8344180159238,"347",S8,,
18.8746029635722,-33.835168983042,"348",S9,,
18.8694530024461,-33.8413900413722,"349",S10,,
18.8643099678223,-33.8451490145445,"350",S11,,
18.8625350220851,-33.8461280280439,"351",S12,,
18.8603149919018,-33.8473649873694,"352",S13,,
18.8590299557401,-33.8482850016412,"353",S14,,
18.8577099509919,-33.8495550345635,"354",S15,,
18.8562320250728,-33.851607957201,"355",S16,,
18.8486549510258,-33.8690180167909,"356",S17,,
18.8488760116684,-33.8701590181402,"357",S18,,
18.8475899977742,-33.8829200208618,"358",S19,,
18.848762948018,-33.8853010093666,"359",S20,,
18.849656971536,-33.8863169747304,"360",S21,,
18.8552740435673,-33.8907150433676,"361",S22,,
18.8587069688865,-33.8932979906139,"362",S23,,
18.8593160108199,-33.8945060376822,"363",S24,,
18.8588779867015,-33.9008509727708,"364",S25,,
18.8594250521746,-33.9066530361948,"365",S26,,
18.8584920412519,-33.9165999561036,"366",S27,,
18.8581609611077,-33.9192539861296,"367",S28,,
18.8583050434011,-33.9197529752468,"368",S29,,
18.8587090263891,-33.9212140273898,"369",S30,,
18.8584139621948,-33.9218979587499,"370",S31,,
18.8561209710441,-33.9246090311235,"371",S32,,
18.8561030137096,-33.9244189653325,"372",S33,,
18.8561719688632,-33.9243800091381,"373",S34,,
18.8725030540647,-33.9248080202514,"374",S35,,
18.8732479585661,-33.9247460419526,"375",S36,,
18.8814449618123,-33.9196229896099,"376",S37,,
18.8887169822599,-33.911914009544,"377",S38,,
18.8912479590828,-33.9078699610618,"378",S39,,
18.8967140281895,-33.9052120442862,"379",S40,,
18.8988310146093,-33.9050800118848,"380",S41,,
18.8742280121039,-33.9245850398133,"381",S42,,
18.8771479710621,-33.9251260271763,"382",S43,,
18.9182710509496,-33.9225290340684,"383",S44,,
18.9191419863321,-33.9207640282182,"384",S45,,
18.9197360001502,-33.9196249569915,"385",S46,,
18.9212360115442,-33.9181129561704,"386",S47,,
18.9227370018961,-33.9189319670088,"387",S48,,
18.9239560007747,-33.9197369920277,"388",S49,,
18.9280310008018,-33.9202279867671,"389",S50,,
18.9293090281307,-33.918911031914,"390",S51,,
18.9299599565553,-33.9183429809685,"391",S52,,
18.9318899997282,-33.917158985018,"392",S53,,
18.9343340246055,-33.9160350059537,"393",S54,,
18.9360810008803,-33.9152719570517,"394",S55,,
18.9387040344965,-33.9140819907926,"395",S56,,
18.9404490372829,-33.9127780424589,"396",S57,,
18.9420649594849,-33.9119940190905,"397",S58,,
18.9489360227516,-33.9086269964831,"398",S59,,
18.9437660340366,-33.911577032014,"399",S60,,
18.942206017117,-33.9120739622279,"400",S61,,
18.9408010440059,-33.9127270044743,"401",S62,,
18.941032048551,-33.913149037782,"402",S63,,
18.9383860036745,-33.9143940365554,"403",S64,,
18.9329980178592,-33.9168370206837,"404",S65,,
18.9410309712437,-33.922875966295,"405",S66,,
18.9442700386541,-33.9331590165777,"406",S67,,
18.9437429788882,-33.9325080445164,"407",S68,,
18.9481729481776,-33.9274150177,"408",S69,,
18.9489440452384,-33.9267229556509,"409",S70,,
18.9322260472052,-33.9170800148787,"410",S71,,
18.9306059746173,-33.9179519867895,"411",S72,,
18.930312052461,-33.9182179563677,"412",S73,,
18.9250719675778,-33.9205369837514,"413",S74,,
18.9245289462502,-33.9202129984443,"414",S75,,
18.9239349769822,-33.919787014716,"415",S76,,
18.9233999832998,-33.9194449983519,"416",S77,,
18.9200009683981,-33.9196009680851,"417",S78,,
18.9193170436984,-33.9207910090345,"418",S79,,
18.8825219633708,-33.9255930405374,"419",S80,,
18.8782739902088,-33.9254429552791,"420",S81,,
18.8754510153896,-33.924832042875,"421",S82,,
18.874214001068,-33.9247729968612,"422",S83,,
18.8583030289153,-33.9165929772917,"423",S84,,
18.8588890078581,-33.9022989563056,"424",S85,,
18.8592590290666,-33.8969460055763,"425",S86,,
18.8506829863135,-33.8877169720842,"426",S87,,
18.8495099658783,-33.8864349880861,"427",S88,,
18.8485660501383,-33.885207998411,"428",S89,,
18.8489990282668,-33.8716189571104,"429",S90,,
18.8487310210201,-33.8703139969534,"430",S91,,
18.8485290285027,-33.868657963546,"431",S92,,
18.8552480266089,-33.8527890106105,"432",S93,,
18.8576279488804,-33.8494839877394,"433",S94,,
18.8587430362795,-33.8482459965752,"434",S95,,
18.8624509711264,-33.8459190444721,"435",S96,,
18.8645889835613,-33.8445770154091,"436",S97,,
18.8662699820134,-33.8437369797909,"437",S98,,
18.8679209640827,-33.8426520270385,"438",S99,,
18.8724559964836,-33.8364750267755,"439",S100,,
18.8743939793237,-33.8351260367453,"440",S101,,
18.8750500411997,-33.8348510077732,"441",S102,,
18.8775139974003,-33.8333980098421,"442",S103,,
18.878790995443,-33.8319810355548,"443",S104,,
18.8784330508511,-33.8167420384747,"444",S105,,
18.876695030123,-33.8132099939976,"445",S106,,
18.8758730000276,-33.8115569743079,"446",S107,,
18.8747539645735,-33.8093309778215,"447",S108,,
18.8732939922749,-33.8063999622196,"448",S109,,
18.8727800311578,-33.8051569950037,"449",S110,,
18.8721790481146,-33.8031100147488,"450",S111,,
18.8712259701799,-33.7998120205243,"451",S112,,
18.8265799984793,-33.8148789912324,"452",S113,,
18.8188229820654,-33.8229339731448,"453",S114,,
18.8175909523135,-33.8232730352924,"454",S115,,
18.8168299496621,-33.8234780028341,"455",S116,,
18.8159090051914,-33.8237150029131,"456",S117,,
18.8138420130617,-33.824326039517,"457",S118,,
18.8120600391873,-33.8248480418984,"458",S119,,
18.7998269468741,-33.8284100380166,"459",S120,,
18.7998129771542,-33.8281930112022,"460",S121,,
18.8118229883837,-33.8247730316385,"461",S122,,
18.816087991658,-33.8235649806913,"462",S123,,
18.8173769806677,-33.8232659568925,"463",S124,,
18.8238709993017,-33.8163669583811,"464",S125,,
18.8268490512871,-33.8172900415528,"465",S126,,
18.827342951846,-33.8182230334357,"466",S127,,
18.8284920322765,-33.8205859926412,"467",S128,,
18.8277000290029,-33.8191460052114,"468",S129,,
18.827130950748,-33.8181550296263,"469",S130,,
18.8260739967284,-33.8162030262501,"470",S131,,
18.8188229820654,-33.8229339731448,"471",S114a,,
18.7934676000681,-33.8264596400359,"472",,sgn,
18.7939943204611,-33.8271771297304,"473",,sgn,
18.7944659696533,-33.8278296602002,"474",,ent,
18.7947019194572,-33.8281573102663,"475",,sgn,
18.7949337594485,-33.8284841199258,"476",,sgn,
18.7968907704884,-33.8322612600639,"477",,sgn,
18.7970226198057,-33.8330922399035,"478",,sgn,
18.7972011495562,-33.8346793498357,"479",,sgn,
18.803127580157,-33.8463291895524,"480",,sgn,
18.8036779296364,-33.8473471698968,"481",,sgn,
18.8114759505598,-33.8630189799985,"482",,sgn,
18.8141019194199,-33.8737205801543,"483",,ent,
18.8245300096949,-33.8892984299145,"484",,sgn,
18.8273091996632,-33.8915685000118,"485",,sgn,
18.8285431801229,-33.8922591701612,"486",,ent,
18.8273749095691,-33.8917289301869,"487",,sgn,
18.826237400487,-33.8910250198891,"488",,sgn,
18.8262457894326,-33.890976990189,"489",,ent,
18.8141380398102,-33.8761303799525,"490",,sgn,
18.8053880900229,-33.8776946103981,"491",,sgn,
18.8037226097868,-33.8779757399754,"492",,ent,
18.7951848000842,-33.8780075000505,"493",,sgn,
18.7946005802057,-33.8779989501548,"494",,sgn,
18.7924855800039,-33.8779936703478,"495",,sgn,
18.7900059598169,-33.87798420038,"496",,sgn,
18.7413876495462,-33.8908132903447,"497",,,
18.7388270597343,-33.8926154804185,"498",,,
18.7284231100999,-33.9001305304769,"499",,,
18.7268314716783,-33.9008149591941,"500",,,
18.7153313300869,-33.9012188397671,"501",,,
18.7213424104076,-33.9026534797835,"502",,,
18.7233964964722,-33.9018424320844,"503",,,
18.7244129540779,-33.9014889104403,"504",,,
18.7264048426332,-33.9007436885061,"505",,,
18.7314031303927,-33.8987190198011,"506",,,
18.7346883294312,-33.8956218197134,"507",,,
18.7605672898928,-33.881083910449,"508",,,
18.7665542295694,-33.8788282601209,"509",,,
18.7813544103719,-33.8779009700426,"510",,,
18.7850007002732,-33.8779076704526,"511",,,
18.789334149815,-33.8779207497235,"512",,,
18.7899881897089,-33.8779194895874,"513",,,
18.7926490196926,-33.8779189097439,"514",,,
18.8018071700707,-33.8779603997677,"515",,,
18.8039754899833,-33.8778703802458,"516",,,
18.8121031696118,-33.8654765594903,"517",,sgn,
18.8042178098388,-33.848581320246,"518",,sgn,
18.7981585302859,-33.8372692698882,"519",,sgn,
18.7972930205336,-33.8355077298951,"520",,sgn,
18.7960007802466,-33.8301350999496,"521",,sgn,
18.7958613001233,-33.8298999899513,"522",,sgn,
18.7946175104522,-33.8281175797209,"523",,sgn,
18.7943374696796,-33.8270038702006,"524",,entrance,
18.7955522596161,-33.8266381703588,"525",,Rest. bld,
18.7976396097324,-33.83514537978,"526",,entrance,
18.7977792499943,-33.8344433195373,"527",,celler,
18.8278496598853,-33.8918465302459,"528",,sgn,
18.828077059979,-33.8915817402126,"529",,entrance,
18.8293247895453,-33.8901165003683,"530",,farm bld,
18.8477303597948,-33.8990300695751,"531",,,
18.8387352405297,-33.900554240452,"532",,,
18.833719259533,-33.8992078500054,"533",,,
18.8369836801879,-33.8986322698077,"534",,,
18.8274475801271,-33.8917462803483,"535",,,
18.826564970077,-33.8927464904167,"536",,celler,
18.8253557100236,-33.8905056801846,"537",,entrance,
18.8236854498514,-33.8912928200745,"538",,celler,
18.8239917297075,-33.8890078295794,"539",,entrance,
18.8186838895967,-33.8897810601846,"540",,celler,
18.8085305504615,-33.8766725199783,"541",,celler,
18.805335030146,-33.8815791202141,"542",,golf/confe,
18.8017859694874,-33.9048765296274,"543",,sgn,
18.8063482400706,-33.900156770326,"544",,,
18.7921463595645,-33.879648179968,"545",,entrance,
18.7912742194977,-33.8981855097113,"546",,celler,
18.7876733596809,-33.8781707796708,"547",,celler,
18.7541900000457,-33.9092400697544,"548",,entrance,
18.754723510352,-33.9094395597356,"549",,celler,
18.7546689398634,-33.9193819997298,"550",,celler,
18.753150479889,-33.9076189196874,"551",,sgn,
18.7678201496264,-33.9118876602769,"552",,,
18.7343398438289,-33.8961814922004,"553",,entrance,
18.734760250481,-33.8969988802142,"554",,celler,
18.7279559900975,-33.9018149604051,"555",,entrance,
18.7360832502177,-33.913302439992,"556",,celler,
18.7374214204394,-33.9158172597874,"557",,entrance,
18.7402653104563,-33.920943969675,"558",,,
18.723179560295,-33.9016648396521,"559",,entrance,
18.7198494299967,-33.9006636196142,"560",,,
18.7639256704895,-33.8800246898123,"561",,entrance,
18.7614917299813,-33.8780080902567,"562",,celler,
18.7806747999681,-33.8729586599184,"563",,entrance,
18.7759489198865,-33.8625389496549,"564",,,
18.8034228703638,-33.8473944501773,"565",,,
18.7954633300561,-33.8339256495788,"566",,entrance,
18.7925078703198,-33.8371456403482,"567",,celler,
18.5591459464271,-33.8218880150329,"568",Durbanville,brown sign,./1.png
18.5648829547817,-33.820455004627,"569",Durbanville,brown sign,./1.png
18.566703994957,-33.8204520396917,"570",Durbanville,brown sign,./1.png
18.5866439523474,-33.8252680354296,"571",Durbanville,brown sign,./1.png
18.5870630183209,-33.8254370370585,"572",Durbanville,brown sign,./1.png
18.5892809561994,-33.8252699942409,"573",Durbanville,brown sign,./1.png
18.5903980230164,-33.8337149883215,"574",Durbanville,private sign,./1.png
18.5911969938489,-33.8352649644854,"575",Durbanville,brown sign,./1.png
18.5916029662259,-33.8358139992435,"576",Durbanville,brown sign,./1.png
18.5979700526088,-33.8385439809033,"577",Durbanville,brown sign,./1.png
18.5995510495785,-33.8384809688546,"578",Durbanville,brown sign,./1.png
18.6049489787274,-33.8389200352445,"579",Durbanville,private sign,./1.png
18.6231569543123,-33.8425799723978,"580",Durbanville,brown sign,./1.png
18.6344920411134,-33.8433520132731,"581",Durbanville,brown sign,./1.png
18.6265959897498,-33.8430220063195,"582",Durbanville,brown sign,./1.png
18.6123669836943,-33.841390016824,"583",Durbanville,private sign,./1.png
18.6108780104376,-33.8411869863199,"584",Durbanville,,./1.png
18.6074989929094,-33.840199991133,"585",Durbanville,private sign,./1.png
18.6008680539314,-33.8387549817431,"586",Durbanville,brown sign,./1.png
18.5993789568785,-33.8387100337011,"587",Durbanville,brown sign,./1.png
18.5920839901693,-33.8371670096758,"588",Durbanville,brown sign,./1.png
18.591403970379,-33.8358359688796,"589",Durbanville,brown sign,./1.png
18.5909010073039,-33.8349420404511,"590",Durbanville,brown sign,./1.png
18.590649050004,-33.8346070009498,"591",Durbanville,private sign,./1.png
18.5895710115023,-33.8270069804713,"592",Durbanville,brown sign,./1.png
18.5890710234432,-33.8257089797865,"593",Durbanville,brown sign,./1.png
18.5684289548919,-33.820545988789,"594",Durbanville,brown sign,./1.png
18.5667830103752,-33.8208050027056,"595",Durbanville,brown sign,./1.png
18.5629049847988,-33.820837028062,"596",Durbanville,private sign,./1.png
18.5616000085304,-33.8210779777526,"597",Durbanville,brown sign,./1.png
18.6349270247022,-33.8426920171001,"598",Durbanville,brown sign,./1.png
18.6358920522287,-33.8318169710155,"599",Durbanville,brown sign,./1.png
18.636683053941,-33.8290569573775,"600",Durbanville,brown sign,./1.png
18.6369220016782,-33.8265539676896,"601",Durbanville,brown sign,./1.png
18.6362460094063,-33.8223410157667,"602",Durbanville,private sign,./1.png
18.6344809924854,-33.8178740231749,"603",Durbanville,brown sign,./1.png
18.6341909776525,-33.817291031894,"604",Durbanville,private sign,./1.png
18.6313830529087,-33.8139060021501,"605",Durbanville,private sign,./1.png
18.6300150432849,-33.8127499940426,"606",Durbanville,private sign,./1.png
18.6297459473185,-33.8125869973982,"607",Durbanville,private sign,./1.png
18.6263530322479,-33.8106069660895,"608",Durbanville,brown sign,./1.png
18.622675973157,-33.8064470115415,"609",Durbanville,private sign,./1.png
18.6203659744534,-33.8038139728559,"610",Durbanville,brown sign,./1.png
18.61945995646,-33.8028500361619,"611",Durbanville,brown sign,./1.png
18.6144290531982,-33.8009570217717,"612",Durbanville,brown sign,./1.png
18.6144279493375,-33.8008419802736,"613",Durbanville,brown sign,./1.png
18.6189570437017,-33.8022869969012,"614",Durbanville,private sign,./1.png
18.6264350258028,-33.8105279679624,"615",Durbanville,brown sign,./1.png
18.6300420158204,-33.8125559708668,"616",Durbanville,private sign,./1.png
18.6341450500369,-33.816789002237,"617",Durbanville,brown sign,./1.png
18.6371499776001,-33.8280259677333,"618",Durbanville,brown sign,./1.png
18.6353509709146,-33.8356239644086,"619",Durbanville,brown sign,./1.png
18.6350810137663,-33.8417959742144,"620",Durbanville,brown sign,./1.png
18.6239369549003,-33.8438539857506,"621",Durbanville,brown sign,./1.png
18.6292439979616,-33.8497840239241,"622",Durbanville,private sign,./1.png
18.6271830006006,-33.846029990365,"623",Durbanville,brown sign,./1.png
18.6264290038168,-33.8453940109818,"624",Durbanville,brown sign,./1.png
18.6258949618915,-33.8454360264286,"625",Durbanville,,./1.png
18.6251580214368,-33.844311993592,"626",Durbanville,,./1.png
18.6239160167621,-33.8429610298917,"627",Durbanville,private sign,./1.png
18.6240479482623,-33.8430080422828,"628",Durbanville,private sign,./1.png
18.5665860142352,-33.820628959575,"629",Durbanville,brown sign,./1.png
18.6049489787274,-33.8389200352445,"630",Durbanville,private sign,./1.png
18.4313915814502,-34.0801879301971,"631",Constantia,Start of Wine Route (Steenberg Side),./2.png
18.4291684841672,-34.076627046362,"632",Constantia,Sign Post,./2.png
18.429136601166,-34.0762133416662,"633",Constantia,Barnyard Resturant,./2.png
18.4293392223699,-34.0753753735132,"634",Constantia,Entrance to Steenberg,./2.png
18.433437803414,-34.0605569871389,"635",Constantia,Sign Post,./2.png
18.4243663250561,-34.0481311276923,"636",Constantia,Sign Post,./2.png
18.4251088255911,-34.0476023271452,"637",Constantia,Entrance to Constantia Uitsig,./2.png
18.4282721000567,-34.0451004899526,"638",Constantia,Farm Stall,./2.png
18.4363137682581,-34.033425432299,"639",Constantia,Sign Post,./2.png
18.4366232966904,-34.0326181107413,"640",Constantia,Sign Post,./2.png
18.422733183034,-34.0376678828631,"641",Constantia,Sign Post,./2.png
18.4216330002185,-34.0383009697295,"642",Constantia,Entance to Buitenverwachting,./2.png
18.4188606939951,-34.0381263885357,"643",Constantia,Entrance to Klein Constantia,./2.png
18.418524540359,-34.0377258404546,"644",Constantia,Little Stream Conference Centre,./2.png
18.4395248552428,-34.0301607355282,"645",Constantia,Peddlars Resturant,./2.png
18.4434466206897,-34.0286991508921,"646",Constantia,Sign Post,./2.png
18.438989998718,-34.0220705099718,"647",Constantia,Sign Post,./2.png
18.4380299799261,-34.0218311504843,"648",Constantia,Sign Post,./2.png
18.4305513825509,-34.0240596822213,"649",Constantia,Sign Post,./2.png
18.4301781495051,-34.0237244601072,"650",Constantia,Entrance to Groot Constantia,./2.png
18.4270028183828,-34.0256156086312,"651",Constantia,High Constantia,./2.png
18.4081371128555,-34.0109809797439,"652",Constantia,Constantia Glen (under construction),./2.png
18.4063757268072,-34.0118989096555,"653",Constantia,End of Wine Route - (Constantia Nek),./2.png
18.4064279017275,-34.0117912722561,"654",Constantia,Start of Wine Route Constantia Nek,./2.png
18.4169432726618,-34.0155091907903,"655",Constantia,Sign Post,./2.png
18.4293817090471,-34.0232066255335,"656",Constantia,Sigh Post,./2.png
18.4298315765376,-34.0233643517321,"657",Constantia,Entarnce to Groot Constantia,./2.png
18.4381981479407,-34.0216704886409,"658",Constantia,Sign Post,./2.png
18.4390792943971,-34.0220275951637,"659",Constantia,Sigh Post,./2.png
18.443633040577,-34.0286759637773,"660",Constantia,Sign Post,./2.png
18.443547370432,-34.0298834799327,"661",Constantia,Sign Post,./2.png
18.4374766040425,-34.0319743210802,"662",Constantia,Sign Post,./2.png
18.4366368294332,-34.0325824675785,"663",Constantia,Sign Post,./2.png
18.425836733078,-34.047222946209,"664",Constantia,Sign Post,./2.png
18.425190329814,-34.047691249706,"665",Constantia,Entrance to Constantia Uitsig,./2.png
18.4277824297857,-34.0543943497698,"666",Constantia,Sign Post,./2.png
18.4215409291229,-34.0651197597377,"667",Constantia,Allandale Holiday Cottages,./2.png
18.4303407592119,-34.074237589886,"668",Constantia,Sign Post,./2.png
18.4296644624873,-34.0751517770671,"669",Constantia,Entrance to Steenberg,./2.png
18.4315838268359,-34.0800666758159,"670",Constantia,End of Wine Route,./2.png
18.4435089494227,-34.0295680909925,"671",Constantia,Sign Post,./2.png
